{
  "accountAssociation": {
    "header": "eyJmaWQiOjEzNTIyMDEsInR5cGUiOiJhdXRoIiwia2V5IjoiMHg1NTZCMmViRTM4NzIwNTA4M2UxQzU1RmVjZUI1NjZkNjNlZDE4RTA0In0",
    "payload": "eyJkb21haW4iOiJzZXR0aW5nLW9idGFpbi02MTEuYXBwLm9oYXJhLmFpIn0",
    "signature": "XPs9D/d7VLcsBIBH6WZ4By95v5TvYGkAPEUzcXCYIGJ8mczub1gUx3O7ce0eWzOdC0SCCTpcOp8Lzy5bDzqkGhw="
  },
  "baseBuilder": {
    "ownerAddress": ""
  },
  "miniapp": {
    "version": "next",
    "imageUrl": "https://usdozf7pplhxfvrl.public.blob.vercel-storage.com/8ec38550-6b36-41b2-b2e1-a7c43ecfdcc7-fPHg3xxiBl3omQn3QlD3DJuAXVukJA",
    "button": {
      "title": "Cosmic Dungeon Archer",
      "action": {
        "type": "launch_frame",
        "name": "Cosmic Dungeon Archer",
        "url": "https://setting-obtain-611.app.ohara.ai",
        "splashImageUrl": "https://usdozf7pplhxfvrl.public.blob.vercel-storage.com/8ec38550-6b36-41b2-b2e1-a7c43ecfdcc7-fPHg3xxiBl3omQn3QlD3DJuAXVukJA",
        "splashBackgroundColor": "#000000"
      }
    },
    "name": "Cosmic Dungeon Archer",
    "iconUrl": "https://usdozf7pplhxfvrl.public.blob.vercel-storage.com/thumbnail_cmkr700e4000004ky2sy17ssr-W84o4yRlVyhaszzmUlY2oYX2l79c3B",
    "tags": [
      "game"
    ],
    "ogTitle": "",
    "homeUrl": "https://setting-obtain-611.app.ohara.ai"
  }
}
